author,date,text
citrasiwis1,2019-08-20 02:48:04,"RT @golonganhutan: Sorry, Indonesia sudah bukan #negaraberflower, kita #negaraberforest. Ini buktinya! Info cek: https://t.co/53aD61eNIz
#g"
EmanuelGracetan,2019-08-20 02:48:05,"RT @negativisme: lebih baik Indonesia kehilangan ormas, daripada kehilangan Papua #PapuaSaudaraku https://t.co/gOP2os1x6S"
usahadarirumah,2019-08-20 02:48:05,BISNIS RESELLER PENGHEMAT BBM BIODRIVEINDONESIA https://t.co/087oDdiSlI https://t.co/e2O1b0cjsZ
btcjhh,2019-08-20 02:48:06,RT @PaceJowo: Papua itu Indonesia jadi stop diskriminasi kami  https://t.co/jV79hwmasl
ntsynv,2019-08-20 02:48:06,RT @arishazmann: Indonesia tak pernah mengecewakan  https://t.co/OtkQezbU9U
dsfajaru,2019-08-20 02:48:06,"RT @permadiaktivis: yang koar2 cina ini cina itu, pas 17an kibarin bendera hitam HTI.. sementara WNI etnis Tionghoa yg mereka benci malah b"
vicbmpa,2019-08-20 02:48:07,"RT @stef_crf: na fase que eu to, eu pularia com certeza https://t.co/m2nPLPoR6B"
NajwaShihab,2019-08-20 02:48:07,"Jika yang tergores ada padamu, yang mengerang haruslah suaraku.

Jika di timur ada yang terluka, di barat harus jug https://t.co/pKPj4Y8QC1"
IndonesiaGaruda,2019-08-20 02:48:07,@listyakw  Terima kasih atas saran yang Ibu Listya berikan hal ini akan kami jadikan evaluasi. Mohon maaf jika saji https://t.co/Aibt99R1Zt
Amelllnh,2019-08-20 02:48:08,"RT @renaldypjs: Opening @nikizefanya pakai Proklamasi &amp; kibarin bendera Indonesia di Los Angeles, CA.

                PROUD! https://t"
KTK606,2019-08-20 02:48:08,"#TVXQ # #UKNOWN #ChangMin Anation Japan  Tokyo Indonesia  Jakarta Taiwan 
         https://t.co/CFYzKeYUf2"
NananggSR,2019-08-20 02:48:09,"RT @masked1193: Chikuy 

@Y_ChikaJKT48 at Upacara Kemerdekaan Indonesia ke-74

@ Bakti Mulya 400 Senior High School, Jakarta [17.08.2019]"
b1e56df9ce6549f,2019-08-20 02:48:08,RT @CREWcrew: The president's son + the president's business + a foreign country + an event with foreign government officials = conflicts o
Memet_mizzi,2019-08-20 02:48:09,"RT @permadiaktivis: yang koar2 cina ini cina itu, pas 17an kibarin bendera hitam HTI.. sementara WNI etnis Tionghoa yg mereka benci malah b"
radenano,2019-08-20 02:48:09,"Jaringan Pendukung Pilpres Kalah (JPPK) dan
Jaringan Pendukung Pengasong Khilafah.akan selalu berusaha menggoncang https://t.co/10AwY5qqdS"
AstiraChintya,2019-08-20 02:48:09,"That Is What Is Called Indonesia

https://t.co/TwJk04Wwcn 

#westpapua #freewestpapua #letwestpapuavote #fwpc https://t.co/kswgpHzeKR"
mas_gumi,2019-08-20 02:48:11,Cocok dengan situasi Indonesia saat ini https://t.co/gC0rpt0HNy https://t.co/fxfm4Kynyr
Suhadi91896725,2019-08-20 02:48:12,#TangkapAbuJanda
lazarus_omar,2019-08-20 02:48:12,RT @lazarus_omar: @naviza_ava @FerdinandHaean2 Di dunia Ini Hanya Di Indonesia Pemeluk Agama Mayoritas Terbesar Tersiksa &amp; Mendapatkan Nera
PARISVILLALOBOS,2019-08-20 02:48:13,"@LucyPN Mi mam se llama Francisca y yo me llamo Francia...mis hermanas Grecia, Venecia, Suecia y Arabia. Mis sobri https://t.co/7hkVXl2oeW"
WPa5nan,2019-08-20 02:48:14,"RT @IreneViena: Jangan karena sudah terungkap SBY-LBP-Paloh-Wanandi cs dalang kerusuhan Papua, lalu Presiden Jokowi minta rakyat Indonesia"
AgungBasoeki,2019-08-20 02:48:14,"RT @datuakrajoangek: Mau tanya ndan, itu yg berseragam menggeruduk sipil dan maki2 pake sebutan penghuni kebun binatang di depan asrama pap"
iamvisha_,2019-08-20 02:48:14,"Sholihah nya Mama 

#queensophiatalia 
#11monthsold @ Surabaya, Indonesia https://t.co/gMK9zkEcE2"
RafaelAdelia12,2019-08-20 02:48:15,Kita Adalah Indonesia  #PapuaKitaSemuaBersaudara https://t.co/JVT3GfcIBb
AndyfathurAI,2019-08-20 02:48:15,"RT @NajwaShihab: Jika yang tergores ada padamu, yang mengerang haruslah suaraku.

Jika di timur ada yang terluka, di barat harus juga meras"
CikalJsp,2019-08-20 02:48:15,"RT @Anggraini_4yu: Wahai Para Pedagang ES DOGER Se Indonesia..Pedagang Es Tung2

Cobalah Mengajukan Pinjaman 71 M Buat Mengembangkan Usaha"
YgritteSL,2019-08-20 02:48:16,RT @sweetrevoirs: We use their resources for the country's profit. Yet the people here who are known as tolerance with the diversities cant
lilanvn,2019-08-20 02:48:16,"RT @aldi_prmdya: Kemarin kita tertawa lepas,
Sekarang kita saling melepas.

Sesantuy itu hubungan di indonesia"
anonLokal,2019-08-20 02:48:16,"RT @Datok_Tamburin: Cuitan  ini seolah2 mau menantang aparat Polisi berani gak menangkap dia???

Jelas sekali dibelakang dia ada orang kuat"
dokey97,2019-08-20 02:48:16,RT @krthingy: Krt alasan bangsa barat datang ke indonesia pada awal masa penjajahan adalah untuk mencari https://t.co/4eO0fKxtMH
CaraKeith22,2019-08-20 02:48:17,"RT @RimhaadJomtien: @HFiskJohnson Hmm okay so we start with China,  Vietnam, the philippines, Sri Lanka,  Indonesia,  Thailand. With these"
tey_jou,2019-08-20 02:48:17,RT @MasihYGKemarin: TRI SUSANTI  INI YG ADA DI SIDANG MK PENDUKUNG 02 KOK BELIU BISA ADA DI AREA ASRAMA PAPUA JAWA TIMUR DAN MENGELUARKAN S
dwikokok2,2019-08-20 02:48:17,Papua jg Indonesia #PapuaDibelahNKRIDipecah
whitegrunge,2019-08-20 02:48:17,"RT @serahlumett: Kenapa Indonesia lebih berwarna dari negara lain?? 

Karena Indonesia memiliki keragaman budaya, suku bangsa yang terbentu"
Triutmo,2019-08-20 02:48:18,"RT @BertemanM: Menyedihkan .....
Semua aksi menimbulkan reaksi

Sejumlah Jalan Utama Lumpuh, Manokwari Mencekam. Apakah ini representasi bh"
FauziyahAdinda,2019-08-20 02:48:18,"RT @jokowi: Hari ini, di Hari Ulang Tahun Republik Indonesia ke-74, jumlah penduduk kita nomor empat terbesar di dunia. Sebagian besar mere"
SalaamGateway,2019-08-20 02:48:19,Malaysian halal-certified skincare brand Safi has appointed a digital marketing company to strengthen its brand pre https://t.co/uoe5Svv58F
Aliffitrindewor,2019-08-20 02:48:19,"RT @Datok_Tamburin: Cuitan  ini seolah2 mau menantang aparat Polisi berani gak menangkap dia???

Jelas sekali dibelakang dia ada orang kuat"
bangchahn,2019-08-20 02:48:19,RT @arishazmann: Indonesia tak pernah mengecewakan  https://t.co/OtkQezbU9U
teguhbw79,2019-08-20 02:48:20,"RT @Khoirudin_Gala: Mari kita jaga persatuan dan kesatuan Indonesia dari Sabang sampai Merauke, dari Miangas sampai Rote

#KitaSemuaBersaud"
yerimnism,2019-08-20 02:48:20,"RT @SupportRV: #SayUmpahUmpah Trends

#1 Russia
#1 France
#1 Singapore
#1 Malaysia 
#1 Brazil
#1 Vietnam
#1 Thailand
#1 Indonesia
#1 Philip"
Gusmarhadi,2019-08-20 02:48:20,#KitaSemuaBersaudara karena kita adalah Indonesia https://t.co/gdbPQ6PajU
alekstyaa_,2019-08-20 02:48:21,RT @arishazmann: Indonesia tak pernah mengecewakan  https://t.co/OtkQezbU9U
qosthollani,2019-08-20 02:48:22,"RT @NajwaShihab: Jika yang tergores ada padamu, yang mengerang haruslah suaraku.

Jika di timur ada yang terluka, di barat harus juga meras"
Gotcha_Ironic,2019-08-20 02:48:22,@kenndaru Allah melapangkan rezeki bagi siapa yang dikehendaki-Nya di antara hamba-hamba-Nya dan Dia (pula) yang me https://t.co/hCBELNiRMP
Suvera_Virgolin,2019-08-20 02:48:23,"RT @PastorGilbertL: Makanan Rohani 1 Menit:
*""Papua Bersatu; Indonesia Bangkit""* https://t.co/3Ptq8z1kj6"
SuccessCorp2,2019-08-20 02:48:23,JASA PEMBUTAN SKRIPSI TESIS PURWOKERTO (SUCCESS CORP) DAN LUAR KOTA WA 0896 0777 8881: JASA PEMBUATAN SKRIPSI BAHAS https://t.co/u4PTcp9YRo
gebcuu,2019-08-20 02:48:23,"RT @Ana___Dz: Beda perlakuan antara mayoritas dan minoritas hanya ada di INDONESIA 
Pasal penistaan berlaku buat mayoritas 

  https"
hellhawnk,2019-08-20 02:48:24,RT @BanyuSadewa:  Indonesias Colonization  https://t.co/jMGn5EJhko
hank_jkt,2019-08-20 02:48:24,RT @CNNIndonesia: Lenis Kagoya Minta Jaminan Keamanan Asrama Papua se-Indonesia https://t.co/esMBPLpKER
hepburnism2,2019-08-20 02:48:25,RT @arishazmann: Indonesia tak pernah mengecewakan  https://t.co/OtkQezbU9U
annsrhmtk,2019-08-20 02:48:24,RT @tubbirfess: Idk but i heard that mengaransemen lagu Indonesia Raya tuh udah ada aturannya sendiri dan gaboleh sembarangan deh??? https
bbibae1,2019-08-20 02:48:25,RT @arishazmann: Indonesia tak pernah mengecewakan  https://t.co/OtkQezbU9U
alllmrrr,2019-08-20 02:48:25,RT @arishazmann: Indonesia tak pernah mengecewakan  https://t.co/OtkQezbU9U
sdhanes,2019-08-20 02:48:25,RT @danielht2009: @zoelfick Dalam kasus penistaan agama sangat kelihatan Indonesia sangat diskriminatif. Jika ada yg dianggap menista Islam
KTK606,2019-08-20 02:48:25,THEBOYZ KCON USA Japan  Tokyo Osaka Hongkong  Thailand  bangkok Indonesia  Jakarta Singapore  Taiwan Phil https://t.co/jNA5Q6kXLb
romysptn,2019-08-20 02:48:25,RT @meantymrmint: Indonesians around the world really be shoving their nationality up everyones ass but barely even bother to make a change
ktw667,2019-08-20 02:48:26,"RT @NoTaeminNoLife: 20190819 RCTI+ 
# #TAEMIN #RCTI30 

Hello Indonesia!
sya  ( ) 
  RCTI 
Anniversary celebration   "
JillF38,2019-08-20 02:48:26,RT @CREWcrew: The president's son + the president's business + a foreign country + an event with foreign government officials = conflicts o
Reestari,2019-08-20 02:48:26,"@DivHumas_Polri @makLambeTurah @PolriMultimedia @HumasPoldaJatim @HmsPoldaPapua Hoax WNA Cina gagal, hoax PKI gagal https://t.co/s73Mxj2mX5"
rifqahs,2019-08-20 02:48:26,"Setuju, mereka itu luarnya aja sangar, sifat dan hatinya halus baik banget :("
Syogren,2019-08-20 02:48:26,"RT @PiyoLaurant: Haha since ppl are still liking this, allow me to promote my art acc, there might be a lot of fe3h art coming once I final"
SupriyantoYatim,2019-08-20 02:48:27,"RT @AhmadYani19781: Mari kita jaga persatuan dan kesatuan Indonesia dari Sabang sampai Merauke, dari Miangas sampai Rote
Kita semua bersaud"
kautsarnazirahm,2019-08-20 02:48:27,"RT @adehukom: #PapuaBukanMonyet 

Thank you Mr. President. Stay strong to define Papua as Indonesia. https://t.co/fAgia1ZJ3x"
_caroliinda8,2019-08-20 02:48:27,"RT @stef_crf: na fase que eu to, eu pularia com certeza https://t.co/m2nPLPoR6B"
Fikko36190951,2019-08-20 02:48:28,@mohmahfudmd
NIsma_Sabrina,2019-08-20 02:48:28,RT @arishazmann: Indonesia tak pernah mengecewakan  https://t.co/OtkQezbU9U
active_hi,2019-08-20 02:48:28,Indonesias Jokowi urges calm after violent West Papua protests | Indonesia Information https://t.co/xnVykjMTlF
fj_kartika_sw,2019-08-20 02:48:28,"RT @AyuKarangora: Saya cinta Indonesia yang damai.
Kita beragam suku,agama,budaya,ras dan karena itu kita kaya.
Mari jaga kesatuan Indonesi"
zakkafm,2019-08-20 02:48:28,kenapa menurut saya keislaman (identitas sebagai seorang Muslim) lebih penting daripada kenusantaraan (identitas se https://t.co/MSWfW7Twr8
Taufiqlu,2019-08-20 02:48:28,"RT @NajwaShihab: Jika yang tergores ada padamu, yang mengerang haruslah suaraku.

Jika di timur ada yang terluka, di barat harus juga meras"
shopattds,2019-08-20 02:48:29,Mau beli candle https://t.co/SuPqPhpLDU tapi kehabisan promo payday? Pake kode voucher CYBERMONDAY aja! KHUSUS HARI https://t.co/xREo73BpRn
bandungkunafe,2019-08-20 02:48:29,RT @eddibrokoli: 5 menit lagi saya mau ngobrol2 soal Arsenal Indonesia Supporters Donor Darah Nasional 2019 bareng @sisonay &amp; @iwanthebigon
nyrasepthya_,2019-08-20 02:48:30,"RT @Ana___Dz: Beda perlakuan antara mayoritas dan minoritas hanya ada di INDONESIA 
Pasal penistaan berlaku buat mayoritas 

  https"
Mother0fNature,2019-08-20 02:48:30,"@bdul_ghofur @garingpung @NurAdamDwiputra @Pemikir5 @Semut_Ibrahim_ Lu pembela Para Penjarah ini, TOLOL?
https://t.co/xjbE2frYQH"
fufahasmawi,2019-08-20 02:48:30,"@AdhipatiU Ditangan org yg salah jgn kan negara .. penjual aja jika yg jual salah makan akan bangkrut.
Apalagi nega https://t.co/VL2oeT9Maa"
jajaka666,2019-08-20 02:48:30,"RT @JackVardan: Di pers rilis yang punya kepentingan, di bagian kronologinya tidak ada kata ""FPI"", jangan sebar hoax. Mungkin karena selama"
michaelpurvis64,2019-08-20 02:48:30,RT @LesStonehouse: Wow everyone's upset. Protesting.. Rioting.. Like Hong Kong also.. And in Australia.. It looks like Brisbane might be a
MNurulpratiwi,2019-08-20 02:48:31,"RT @NajwaShihab: Jika yang tergores ada padamu, yang mengerang haruslah suaraku.

Jika di timur ada yang terluka, di barat harus juga meras"
heromaninggar,2019-08-20 02:48:31,"RT @BBCIndonesia: [Video] Indonesia merayakan HUT kemerdekaan ke-74, saat seorang bayi di Papua terlahir dengan nama Pengungsi. Pengungsi l"
micineuu,2019-08-20 02:48:31,"RT @negativisme: lebih baik Indonesia kehilangan ormas, daripada kehilangan Papua #PapuaSaudaraku https://t.co/gOP2os1x6S"
9210Daniel,2019-08-20 02:48:32,"RT @theworldindex: Tree cover loss worldwide in 2018 (in 1,000 hectares)

Russia: 5,562.81
Brazil: 2,954.27
Canada: 2,143.63
US: 2,"
farel_fajrin,2019-08-20 02:48:33,kami ialah Republik Indonesia #PapuaKitaSemuaBersaudara https://t.co/Qd0Vmk36mh
Rudi05503255,2019-08-20 02:48:33,"RT @NajwaShihab: Jika yang tergores ada padamu, yang mengerang haruslah suaraku.

Jika di timur ada yang terluka, di barat harus juga meras"
Maha_Patih_,2019-08-20 02:48:33,"RT @PERMATAAYU20: Kita itu sama di hadapan Tuhan ,yang membedakan hanyalah amal perbuatan kita di dunia.
Kita adalah Indonesia
Kita adalah"
r4chyudi,2019-08-20 02:48:33,"RT @ovan_ghozali: Jika Ustadz Abdul Somad dibawa ke ranah pidana, maka berpeluang makin banyak para pemuka agama(ustadz/ulama, pendeta, bik"
AFSavira,2019-08-20 02:48:33,RT @arishazmann: Indonesia tak pernah mengecewakan  https://t.co/OtkQezbU9U
bang_baret,2019-08-20 02:48:33,"Gaess...  
Setujukah jika tagar #TangkapAbuJanda yg trending topik dunia jadi topik @ILCtv1? 

Siapa beking beking https://t.co/bOEBEXO3YA"
HacktivisMca,2019-08-20 02:48:34,"Unicorn asing 
yg bisa tembus istana 
cuma Jack Ma

china terbantu dgn Jack Ma 
maka jadilah kutu kupret ini ambass https://t.co/reFCqn75wK"
ErfianaIra,2019-08-20 02:48:34,"RT @NajwaShihab: Jika yang tergores ada padamu, yang mengerang haruslah suaraku.

Jika di timur ada yang terluka, di barat harus juga meras"
Ira_jasmin,2019-08-20 02:48:34,Kacamata terapi K-Ion Nano order https://t.co/kLyI00I12D selengkapnya bs klik di bwh iniK-Ion Nano | K-Link Indones https://t.co/4R8zSThuUY
__v1v1n,2019-08-20 02:48:35,@KomentarMirink @Namaku_Wida @tigers_killer @MagdalenaAyesh1 @yuliaariani1 @WidayatiDida @yanniarsim @sitirumayah2 https://t.co/4LpPBFz4V2
praesodymium,2019-08-20 02:48:35,"RT @nytimesworld: In 2016, 32.7 out of every 100,000 Thais died on the countrys roads. By comparison, the road fatality rate in the U.S. w"
irkifauzi,2019-08-20 02:48:35,"#PapuaBukanMonyet 
Sudah sempat lihat 1 video, saya kurang tau ada berapa video yang beredar.

Jadi ini ada oknum m https://t.co/zxXplm8NI0"
pengelanasafir,2019-08-20 02:48:35,"RT @exelflores21: Ahok : MUI terbitkan Fatwa Ahok Menista Agama.
UAS : MUI Nilai UAS Tak Bermaksud Mencela Agama Lain.

Note : Ahok dan UAS"
Lip6Sport,2019-08-20 02:48:35,"Pengamanan Maksimal, Etape 1 Tour d'Indonesia 2019 Berjalan Lancar https://t.co/TWrDLPhs2y https://t.co/NLSjzvQA4C"
Tista_pam,2019-08-20 02:48:36,"Jangan malu bung.
Mayoritas itu harus melindungi minoritas.
Seperti sila ke-5 Pancasila.
5. Keadilan sosial bagi se https://t.co/oXkg1uMx9v"
sagitarides7412,2019-08-20 02:48:36,"@SuicideClub62 Makanya Zaa, sy ga mau chat pake bahasa indonesia, takut grammernya betul "
ukmekgnac,2019-08-20 02:48:36,"@rrarstra @CiumAkuh Dgn ngomong gitu, brarti km yakin daerah laennya ga bahagia dalam indonesia/dijajah jakarta don https://t.co/GBEsDAO8z6"
Lip6Sport,2019-08-20 02:48:36,Kisah 3 Remaja Indonesia Timba Ilmu di Manchester City https://t.co/lpcLypYrzh https://t.co/absMjkufYw
lilMawn,2019-08-20 02:48:36,"RT @masked1193: Chikuy 

@Y_ChikaJKT48 at Upacara Kemerdekaan Indonesia ke-74

@ Bakti Mulya 400 Senior High School, Jakarta [17.08.2019]"
scrapper_142,2019-08-20 02:48:37,goblok lu anjing
aprilia_ik,2019-08-20 02:48:37,"RT @renaldypjs: Opening @nikizefanya pakai Proklamasi &amp; kibarin bendera Indonesia di Los Angeles, CA.

                PROUD! https://t"
unyeeeel,2019-08-20 02:48:37,"RT @NajwaShihab: Jika yang tergores ada padamu, yang mengerang haruslah suaraku.

Jika di timur ada yang terluka, di barat harus juga meras"
Maha_Patih_,2019-08-20 02:48:37,RT @PERMATAAYU20: Selamat pagi INDONESIA https://t.co/uG2pS6l7o6
joe_teruci,2019-08-20 02:48:38,"@Fiqri82015 Banyak faktor sih bang, secara kultural dan historis mereka tdk memiliki keterkaitan dg Indonesia, sela https://t.co/x6pfkkEmtO"
Roni50256415,2019-08-20 02:48:38,"RT @Anggraini_4yu: SUMBER FITNAH UMAT

Ini Orang Kalo Ga Segera Ditangkap membahayakan Kerukunan Umat Beragama di Indonesia

Liat Aja Kelak"
DUKCAPILKOTASMG,2019-08-20 02:48:38,Puncak Peringatan Hari Anak Nasional dan Penyerahan Piagam Penghargaan untuk 10 Mitra KIA oleh Ibu Wakil Walikota d https://t.co/rEd1oeQBOA
alelaki37,2019-08-20 02:48:39,"RT @hilmi_fpi: Alhamdulillah, di Hari Kemerdekaan Republik Indonesia ke 74, Laskar FPI dari Karawang menggelar Aksi Sosial dgn mendistribus"
diztiaa,2019-08-20 02:48:39,"RT @NajwaShihab: Jika yang tergores ada padamu, yang mengerang haruslah suaraku.

Jika di timur ada yang terluka, di barat harus juga meras"
haqqimhamidi_,2019-08-20 02:48:40,Jap. Kenapa video moba igtv aku sampai ke indonesia ni hahahahhaha anjay.
Vara_dena,2019-08-20 02:48:40,"RT @renaldypjs: Opening @nikizefanya pakai Proklamasi &amp; kibarin bendera Indonesia di Los Angeles, CA.

                PROUD! https://t"
aminuddin_90,2019-08-20 02:48:40,"RT @NajwaShihab: Jika yang tergores ada padamu, yang mengerang haruslah suaraku.

Jika di timur ada yang terluka, di barat harus juga meras"
annisareski,2019-08-20 02:48:40,"RT @NajwaShihab: Jika yang tergores ada padamu, yang mengerang haruslah suaraku.

Jika di timur ada yang terluka, di barat harus juga meras"
irkifauzi,2019-08-20 02:48:41,Pingin aja ketik panjang gini krn punya temen-temen dari maluku. sama dengan papua sama-sama dari indonesia timur. https://t.co/FX3ZlSpnBv
cak_giant,2019-08-20 02:48:41,"Negara ini ibarat papan catur.
Bisa diatur menurut pemaunnya.
Bangsat"
teddycputra,2019-08-20 02:48:41,"74 tahun Indonesia, masih saja rasis?"
TriYuliBudiUto2,2019-08-20 02:48:41,"RT @didikpurwadi868: Mari kita jaga persatuan dan kesatuan Indonesia dari Sabang sampai Merauke, dari Miangas sampai Rote

Kita semua bersa"
lulu_felisa,2019-08-20 02:48:42,"RT @renaldypjs: Opening @nikizefanya pakai Proklamasi &amp; kibarin bendera Indonesia di Los Angeles, CA.

                PROUD! https://t"
lokerlink,2019-08-20 02:48:42,LOKERLINK adalah sebuah usaha yang bergerak dibidang HR services portal yang memiliki cakupan bisnis yang luas https://t.co/5t3TbHf2GO
bagaskp_6,2019-08-20 02:48:43,RT @arishazmann: Indonesia tak pernah mengecewakan  https://t.co/OtkQezbU9U
BaaaaaKekokk,2019-08-20 02:48:43,"RT @exelflores21: Ahok : MUI terbitkan Fatwa Ahok Menista Agama.
UAS : MUI Nilai UAS Tak Bermaksud Mencela Agama Lain.

Note : Ahok dan UAS"
jambulputih2017,2019-08-20 02:48:43,"RT @Khoirudin_Gala: Mari kita jaga persatuan dan kesatuan Indonesia dari Sabang sampai Merauke, dari Miangas sampai Rote

#KitaSemuaBersaud"
Plissken1924,2019-08-20 02:48:44,"RT @prageru: Which country puts the most plastic in the ocean? 

Hint: It's NOT the U.S.

Pollution in annual metric tons:

China: 8.8m"
CJISUunt,2019-08-20 02:48:44,"Alaina berhenti sejenak untuk membuka instagram, ia melihat story teman-temannya yang ada di Indonesia, lalu terbes https://t.co/VkaBrzwnso"
LeahOneScoop,2019-08-20 02:48:44,"RT @prageru: Which country puts the most plastic in the ocean? 

Hint: It's NOT the U.S.

Pollution in annual metric tons:

China: 8.8m"
as_ndari,2019-08-20 02:48:45,"RT @NajwaShihab: Jika yang tergores ada padamu, yang mengerang haruslah suaraku.

Jika di timur ada yang terluka, di barat harus juga meras"
kessyheneva3,2019-08-20 02:48:45,"RT @GrabID: Hormat buat semangat surat cinta kemerdekaan dari kamu buat Indonesia, merdeka dari Apatis, Radikalisme, Intoleransi, Sampah, P"
TriYuliBudiUto2,2019-08-20 02:48:45,"RT @EkoSuprastio7: Mari kita jaga persatuan dan kesatuan Indonesia dari Sabang sampai Merauke, dari Miangas sampai Rote

Kita semua bersaud"
CebongKafir,2019-08-20 02:48:46,@djun_bang @DivHumas_Polri @BareskrimPolri @TjahjantoHadi @puan_maharani @chicohakim @evndari @bangzul_1988 https://t.co/tzmDlCRzkb
KurniawanRicho,2019-08-20 02:48:47,RT @kumparan: Memek masuk dalam empat karya budaya yang masuk WBTB. https://t.co/DNtCvElpRX
serlyellysan_,2019-08-20 02:48:48,"RT @bernardagapa: Siapa bilang hanya ormas sja yang rasis, Aparat Indonesia juga SANGAT RASIS!!!

https://t.co/gr0wQtvuTc"
ASSyahid7,2019-08-20 02:48:48,"RT @NajwaShihab: Jika yang tergores ada padamu, yang mengerang haruslah suaraku.

Jika di timur ada yang terluka, di barat harus juga meras"
hima_bki_iainta,2019-08-20 02:48:49,"[HIMPUNAN MAHASISWA JURUSAN BIMBINGAN KONSELING ISLAM]
Salam Konselor..
Agustus Ceria Bersama
Menuju SDM UNGGUL IN https://t.co/ZbWR6q9RKI"
lalalalale_,2019-08-20 02:48:50,"RT @serahlumett: Boas Salossa (orang papua) pernah patah kaki 2x karena membela timnas Indonesia, ""bukan membela Persipura"". 

Boas Salossa"
GuiSantiagoss,2019-08-20 02:48:50,"RT @stef_crf: na fase que eu to, eu pularia com certeza https://t.co/m2nPLPoR6B"
Kules36646063,2019-08-20 02:48:51,"RT @Azzarenkagabril: di london ajah bs saling menghargai antar umat beragama..
masa kita nggak..??

di saat konser music berlangsung dan wa"
odotbro,2019-08-20 02:48:50,RT @arishazmann: Indonesia tak pernah mengecewakan  https://t.co/OtkQezbU9U
hiforjeen,2019-08-20 02:48:51,RT @aerizenxxra: NO OFFENSE BUT MEETING NCT DREAM IN INDONESIA ACTUALLY SUCKS https://t.co/wnUEUX0Zls
lidyaidesma,2019-08-20 02:48:51,RT @arishazmann: Indonesia tak pernah mengecewakan  https://t.co/OtkQezbU9U
ABudima68828545,2019-08-20 02:48:51,"RT @Anggraini_4yu: SUMBER FITNAH UMAT

Ini Orang Kalo Ga Segera Ditangkap membahayakan Kerukunan Umat Beragama di Indonesia

Liat Aja Kelak"
NathaliaDhewi,2019-08-20 02:48:52,"RT @NajwaShihab: Jika yang tergores ada padamu, yang mengerang haruslah suaraku.

Jika di timur ada yang terluka, di barat harus juga meras"
MinLm98,2019-08-20 02:48:52,RT @arishazmann: Indonesia tak pernah mengecewakan  https://t.co/OtkQezbU9U
anabellnetanyaa,2019-08-20 02:48:53,"RT @serahlumett: Boas Salossa (orang papua) pernah patah kaki 2x karena membela timnas Indonesia, ""bukan membela Persipura"". 

Boas Salossa"
yovian21,2019-08-20 02:48:53,"RT @INABadminton: Selamat pagi. Selain #BWC2019, hari ini juga bergulir #MalaysiaJuniorIC. Berikut jadwal pemain Indonesia. https://t.co/gH"
FahriskaH,2019-08-20 02:48:53,"RT @NajwaShihab: Jika yang tergores ada padamu, yang mengerang haruslah suaraku.

Jika di timur ada yang terluka, di barat harus juga meras"
Jimeholow,2019-08-20 02:48:53,"RT @marlina_idha: Bagi rekan-rekan yg memiliki produk dan berkenan kami pasarkan produk nya, dalam INAgood, bisa DM no Telpon yg dapat kami"
angrahadian_,2019-08-20 02:48:53,RT @mailsetiawan_: Mungkin ilmu agama saya cetek tp yg saya tau negara ini mengajarkan kita untuk saling menghargai satu sama lain . Ingat
Ahn_dr__,2019-08-20 02:48:53,RT @aerizenxxra: NO OFFENSE BUT MEETING NCT DREAM IN INDONESIA ACTUALLY SUCKS https://t.co/wnUEUX0Zls
Flyin18T,2019-08-20 02:48:53,"Instead of new, more looking at used cars in Indonesia https://t.co/hd7TGBExM9"
iamjunghyunrim_,2019-08-20 02:48:54,"RT @GFRD_Global_twt: Buddy! How was Shopee Live yesterday? Exciting right? About that, would it be cool if GFRIEND appeared on one of the T"
amaral_ronny,2019-08-20 02:48:54,RT @Sudastika: 37) Kepada Pak Menpora juga selamat dan sukses untuk perhelatan Asian games 2018. Juga semua pihak yang susah payah lakukan
fharamadina,2019-08-20 02:48:55,Karna Indonesia bukan cuma JAWA. 
ny_tan_jun_kim,2019-08-20 02:48:55,"RT @NajwaShihab: Jika yang tergores ada padamu, yang mengerang haruslah suaraku.

Jika di timur ada yang terluka, di barat harus juga meras"
YODIE_7,2019-08-20 02:48:55,RT @HaiMagazine: Memek Resmi Ditetapkan Jadi Warisan Budaya Tak Benda Indonesia   https://t.co/N5CewNYVvS https://t.co/QA2rnFtyRf
FidelisOlowu,2019-08-20 02:48:55,"RT @SAMDIYYY: Which Country has the best twitter users ?  Let's settle this 

UK 
USA
Italy 
India
Brazil 
Kenya 
Ghana 
Nigeria
Canada
Ug"
marwantobudi1,2019-08-20 02:48:56,"RT @GFRD_Global_twt: Buddy! How was Shopee Live yesterday? Exciting right? About that, would it be cool if GFRIEND appeared on one of the T"
ris_staydmn,2019-08-20 02:48:56,"RT @ShaniBudi: Banyak yang baru tau kalau Indonesia punya superhero yang namanya Aquanus, krn namanya pasti jadi bahan becandaan sih tapi"
ragilsaputra645,2019-08-20 02:48:56,#TangkapAbuJanda
stevemakastevem,2019-08-20 02:48:56,"RT @elivalley: Update: Immeasurably corrupt:
https://t.co/ahM02OAYS6"
joardo_,2019-08-20 02:48:57,"RT @NajwaShihab: Jika yang tergores ada padamu, yang mengerang haruslah suaraku.

Jika di timur ada yang terluka, di barat harus juga meras"
hanifaulfa24,2019-08-20 02:48:58,"RT @NajwaShihab: Jika yang tergores ada padamu, yang mengerang haruslah suaraku.

Jika di timur ada yang terluka, di barat harus juga meras"
RizkySH25,2019-08-20 02:48:58,"RT @bottlesmoker: Happy Independence Day Indonesia! 

#Merdeka #GakHa8isHa8is https://t.co/44AtEjA3Po"
deaaldi,2019-08-20 02:48:58,"RT @DivHumas_Polri: ""Saya minta kepada saudara-saudara kita yang ada di Papua. Papua adalah bagian dari anak bangsa Indonesia, saudara-saud"
EManuella_22,2019-08-20 02:48:59,"RT @radnature: Ubud, Indonesia  https://t.co/u4VvrCa4ED"
witchstardust,2019-08-20 02:48:59,@FHMADTY @sonsssonn dukung runtuhnya patriarki di indonesia
Oyenk,2019-08-20 02:48:59,"RT @GNFI: From https://t.co/ri32fyRa09 - 
Happy 74th Anniversary, Indonesia..the land of warriors. #Ri74 https://t.co/r7oXEuW1V8"
bellindamonica,2019-08-20 02:49:00,RT @citaminyoongi1: #PapuaDibelahNKRIDipecah kita semua saudara jangan mau di pecah belahan kita harus menjaga persatuan Indonesia. #PapuaB
Jack_Jrr,2019-08-20 02:49:00,RT @Tanpaagama: Ini antara Indonesia dan Papua. PA 212 emang kalian siapa?
Spp72Promptly,2019-08-20 02:49:00,Mr. @ScottMorrisonMP that is the forms of perfect lies and lovely crime.
maria_dudss,2019-08-20 02:49:00,"RT @stef_crf: na fase que eu to, eu pularia com certeza https://t.co/m2nPLPoR6B"
branquinha98,2019-08-20 02:49:01,"RT @stef_crf: na fase que eu to, eu pularia com certeza https://t.co/m2nPLPoR6B"
hakunamatataya_,2019-08-20 02:49:01,"@permadiaktivis KE SUDAN 

KEMUDIAN HIJRAH KE ARAB 

LALU MINTA DIJEMPUT KE INDONESIA"
amandadheaB,2019-08-20 02:49:01,Kebaca tapak tilas. Auto inget widya dkk.
NinaCitra76,2019-08-20 02:49:02,"RT @ARIFHASANRIFAI: Kita semua bersaudara, hindari ucapan yang dapat menyinggung perasaan dan mari kita saling menghargai satu dgn yg lainn"
tiarareginap,2019-08-20 02:49:02,RT @arishazmann: Indonesia tak pernah mengecewakan  https://t.co/OtkQezbU9U
